S_No,MetroMate_Platform,B2B_B2C,Category,Sub_Category,Repair_Related_Service,Maintenance_Related_Service,Keywords_Tags
1,MetroMate B2B + B2C,Both,Laptop & Computer Sales,Business Laptop,Business Laptop – Repair & Troubleshooting,Business Laptop – Maintenance & AMC,"laptop,computer_sales,business_laptop"
2,MetroMate B2B + B2C,Both,Laptop & Computer Sales,Desktop Computer,Desktop Computer – Repair & Troubleshooting,Desktop Computer – Maintenance & AMC,"laptop,computer_sales,desktop_computer"
3,MetroMate B2B + B2C,Both,Computer Accessories,Keyboard & Mouse,Keyboard & Mouse – Repair & Troubleshooting,Keyboard & Mouse – Maintenance & AMC,"computer_accessories,keyboard,mouse"
4,MetroMate B2B + B2C,Both,Computer Accessories,Monitor,Monitor – Repair & Troubleshooting,Monitor – Maintenance & AMC,"computer_accessories,monitor"
5,MetroMate B2B + B2C,Both,Router Installation,WiFi Router Setup,WiFi Router – Re-installation & Fix,WiFi Router – Periodic Servicing,"router_installation,wifi_router_setup"
6,MetroMate B2B + B2C,Both,Router Installation,Signal Optimization,Signal Issues – Diagnosis & Fix,Signal Optimization – Periodic Review,"router_installation,signal_optimization"
7,MetroMate B2B,B2B,Network Setup,Office LAN Setup,LAN Setup – Re-installation & Fix,Office LAN – Maintenance & AMC,"network_setup,office_lan_setup"
8,MetroMate B2B,B2B,Network Setup,WiFi Networking,WiFi Network – Troubleshooting & Fix,WiFi Networking – Maintenance & AMC,"network_setup,wifi_networking"
9,MetroMate B2B + B2C,Both,Switch & Hub Services,Managed Switch,Managed Switch – Repair & Troubleshooting,Managed Switch – Maintenance & AMC,"switch,hub_services,managed_switch"
10,MetroMate B2B + B2C,Both,Switch & Hub Services,Network Rack Setup,Network Rack – Repair & Re-installation,Network Rack – Maintenance & AMC,"switch,hub_services,network_rack_setup"
11,MetroMate B2B + B2C,Both,CCTV Installation,IP Camera Setup,IP Camera – Repair & Troubleshooting,IP Camera – Maintenance & AMC,"cctv_installation,ip_camera_setup"
12,MetroMate B2B + B2C,Both,CCTV Installation,DVR/NVR Installation,DVR/NVR – Repair & Troubleshooting,DVR/NVR – Maintenance & AMC,"cctv_installation,dvr/nvr_installation"
13,MetroMate B2B + B2C,Both,Surveillance Systems,Remote Monitoring,Remote Monitoring – Issue Fix & Support,Remote Monitoring – Maintenance & AMC,"surveillance_systems,remote_monitoring"
14,MetroMate B2B + B2C,Both,Surveillance Systems,Security Recording,Security Recording – Repair & Troubleshooting,Security Recording – Maintenance & AMC,"surveillance_systems,security_recording"
15,MetroMate B2B,B2B,Cloud Services,Cloud Backup,Cloud Backup – Bug Fix & Recovery Support,Cloud Backup – Updates & Optimization,"cloud_services,cloud_backup"
16,MetroMate B2B,B2B,Cloud Services,Cloud Storage,Cloud Storage – Issue Fix & Support,Cloud Storage – Updates & Optimization,"cloud_services,cloud_storage"
17,MetroMate B2B,B2B,Software Development,CRM Development,CRM – Bug Fix & Support,CRM – Updates & Optimization,"software_development,crm_development"
18,MetroMate B2B,B2B,Software Development,Custom Software,Custom Software – Bug Fix & Support,Custom Software – Updates & Optimization,"software_development,custom_software"
19,MetroMate B2B,B2B,Website Development,Business Website,Business Website – Bug Fix & Support,Business Website – Updates & Optimization,"website_development,business_website"
20,MetroMate B2B,B2B,Website Development,E-commerce Website,E-commerce Website – Bug Fix & Support,E-commerce Website – Updates & Optimization,"website_development,e-commerce_website"
21,MetroMate B2B + B2C,Both,AI Automation,Chatbot Automation,Chatbot – Bug Fix & Retraining,Chatbot – Updates & Optimization,"ai_automation,chatbot_automation"
22,MetroMate B2B + B2C,Both,AI Automation,Workflow Automation,Workflow Automation – Fix & Redeployment,Workflow Automation – Updates & Optimization,"ai_automation,workflow_automation"
23,MetroMate B2B,B2B,IT Staffing,Software Developers,Developer – Replacement & Re-assignment,Developer – Performance Review,"it_staffing,software_developers"
24,MetroMate B2B,B2B,IT Staffing,Support Engineers,Support Engineer – Replacement & Re-assignment,Support Engineer – Performance Review,"it_staffing,support_engineers"
25,MetroMate B2B + B2C,Both,Interior Design,Office Interior,Office Interior – Repair & Rework,Office Interior – Maintenance & Upkeep,"interior_design,office_interior"
26,MetroMate B2B + B2C,Both,Interior Design,Home Interior,Home Interior – Repair & Rework,Home Interior – Maintenance & Upkeep,"interior_design,home_interior"
27,MetroMate B2B + B2C,Both,Furniture Services,Office Furniture,Office Furniture – Repair & Troubleshooting,Office Furniture – Maintenance & AMC,"furniture_services,office_furniture"
28,MetroMate B2B + B2C,Both,Furniture Services,Modular Furniture,Modular Furniture – Repair & Troubleshooting,Modular Furniture – Maintenance & AMC,"furniture_services,modular_furniture"
29,MetroMate B2B + B2C,Both,Carpenter,Furniture Repair,Furniture – Repair & Restoration,Furniture – Maintenance & Polishing,"carpenter,furniture_repair"
30,MetroMate B2B + B2C,Both,Carpenter,Custom Furniture,Custom Furniture – Rework & Fix,Custom Furniture – Maintenance & Polishing,"carpenter,custom_furniture"
31,MetroMate B2B + B2C,Both,Fabrication,MS Fabrication,MS Fabrication – Rework & Finishing,MS Fabrication – Maintenance & Finishing,"fabrication,ms_fabrication"
32,MetroMate B2B + B2C,Both,Fabrication,SS Fabrication,SS Fabrication – Rework & Finishing,SS Fabrication – Maintenance & Finishing,"fabrication,ss_fabrication"
33,MetroMate B2B + B2C,Both,Plumbing,Leakage Repair,Leakage – Repair & Troubleshooting,Pipeline – Maintenance & AMC,"plumbing,leakage_repair"
34,MetroMate B2B + B2C,Both,Plumbing,Pipeline Installation,Pipeline – Repair & Troubleshooting,Pipeline – Maintenance & AMC,"plumbing,pipeline_installation"
35,MetroMate B2B + B2C,Both,Electrician,Wiring Repair,Wiring – Repair & Troubleshooting,Wiring – Maintenance & AMC,"electrician,wiring_repair"
36,MetroMate B2B + B2C,Both,Electrician,New Electrical Setup,Electrical Setup – Repair & Troubleshooting,Electrical Setup – Maintenance & AMC,"electrician,new_electrical_setup"
37,MetroMate B2B + B2C,Both,Water Tank Cleaning,Underground Tank Cleaning,Underground Tank – Re-cleaning & Quality Fix,Underground Tank – Scheduled Deep Clean,"water_tank_cleaning,underground_tank_cleaning"
38,MetroMate B2B + B2C,Both,Water Tank Cleaning,Overhead Tank Cleaning,Overhead Tank – Re-cleaning & Quality Fix,Overhead Tank – Scheduled Deep Clean,"water_tank_cleaning,overhead_tank_cleaning"
39,MetroMate B2B + B2C,Both,Water Motor Installation,Borewell Pump Installation,Borewell Pump – Repair & Troubleshooting,Borewell Pump – Maintenance & AMC,"water_motor_installation,borewell_pump_installation"
40,MetroMate B2B + B2C,Both,Water Motor Installation,Booster Pump Setup,Booster Pump – Repair & Troubleshooting,Booster Pump – Maintenance & AMC,"water_motor_installation,booster_pump_setup"
41,MetroMate B2B + B2C,Both,Water Motor Repair,Pump Repair,Pump – Repair & Troubleshooting,Pump – Maintenance & AMC,"water_motor_repair,pump_repair"
42,MetroMate B2B + B2C,Both,Water Motor Repair,Motor Rewinding,Motor Rewinding – Repair & Troubleshooting,Motor – Maintenance & AMC,"water_motor_repair,motor_rewinding"
43,MetroMate B2B + B2C,Both,RO Installation,Home RO Setup,Home RO – Repair & Troubleshooting,Home RO – Maintenance & AMC,"ro_installation,home_ro_setup"
44,MetroMate B2B + B2C,Both,RO Installation,Commercial RO Setup,Commercial RO – Repair & Troubleshooting,Commercial RO – Maintenance & AMC,"ro_installation,commercial_ro_setup"
45,MetroMate B2B + B2C,Both,Water Filter Services,Filter Replacement,Filter – Replacement & Fix,Filter – Scheduled Replacement & AMC,"water_filter_services,filter_replacement"
46,MetroMate B2B + B2C,Both,Water Filter Services,RO Maintenance,RO System – Repair & Troubleshooting,RO System – Maintenance & AMC,"water_filter_services,ro_maintenance"
47,MetroMate B2B + B2C,Both,Two Wheeler Sales,New Bike,New Bike – Warranty & Replacement Support,New Bike – After-Sales Service,"two_wheeler_sales,new_bike"
48,MetroMate B2B + B2C,Both,Two Wheeler Sales,Electric Scooter,Electric Scooter – Warranty & Replacement Support,Electric Scooter – After-Sales Service,"two_wheeler_sales,electric_scooter"
49,MetroMate B2B + B2C,Both,Two Wheeler Repair,Engine Repair,Engine – Repair & Troubleshooting,Engine – Maintenance & AMC,"two_wheeler_repair,engine_repair"
50,MetroMate B2B + B2C,Both,Two Wheeler Repair,Breakdown Assistance,Breakdown – Emergency Repair & Assistance,Vehicle – Preventive Maintenance,"two_wheeler_repair,breakdown_assistance"
51,MetroMate B2B + B2C,Both,Two Wheeler Service,General Service,General Service – Re-service & Fix,General Service – Periodic Maintenance,"two_wheeler_service,general_service"
52,MetroMate B2B + B2C,Both,Two Wheeler Service,Oil Change,Oil Change – Re-service & Fix,Oil Change – Periodic Schedule,"two_wheeler_service,oil_change"
53,MetroMate B2B + B2C,Both,Four Wheeler Sales,New Car,New Car – Warranty & Replacement Support,New Car – After-Sales Service,"four_wheeler_sales,new_car"
54,MetroMate B2B + B2C,Both,Four Wheeler Sales,Commercial Vehicle,Commercial Vehicle – Warranty & Replacement Support,Commercial Vehicle – After-Sales Service,"four_wheeler_sales,commercial_vehicle"
55,MetroMate B2B + B2C,Both,Four Wheeler Repair,Engine Work,Engine – Repair & Troubleshooting,Engine – Maintenance & AMC,"four_wheeler_repair,engine_work"
56,MetroMate B2B + B2C,Both,Four Wheeler Repair,Accident Repair,Accident Repair – Rework & Fix,Body – Maintenance & Inspection,"four_wheeler_repair,accident_repair"
57,MetroMate B2B + B2C,Both,Four Wheeler Service,Routine Service,Routine Service – Re-service & Fix,Routine Service – Periodic Maintenance,"four_wheeler_service,routine_service"
58,MetroMate B2B + B2C,Both,Four Wheeler Service,Wheel Alignment,Wheel Alignment – Re-calibration & Fix,Wheel Alignment – Periodic Check,"four_wheeler_service,wheel_alignment"
59,MetroMate B2B + B2C,Both,Auto Spare Parts,Battery,Battery – Repair & Replacement Support,Battery – Maintenance & AMC,"auto_spare_parts,battery"
60,MetroMate B2B + B2C,Both,Auto Spare Parts,Tyres,Tyres – Replacement & Fitting Support,Tyres – Periodic Inspection,"auto_spare_parts,tyres"
61,MetroMate B2B,B2B,Corporate Gifting,Employee Gifts,Employee Gifts – Replacement & Quality Fix,Corporate Gifting – Ongoing Procurement,"corporate_gifting,employee_gifts"
62,MetroMate B2B,B2B,Corporate Gifting,Festival Hampers,Festival Hampers – Replacement & Quality Fix,Festival Hampers – Ongoing Procurement,"corporate_gifting,festival_hampers"
63,MetroMate B2B,B2B,Real Estate Consultant,Property Purchase,Property Purchase – Dispute Resolution,Property – Renewal & Review,"real_estate_consultant,property_purchase"
64,MetroMate B2B,B2B,Real Estate Consultant,Property Rental,Property Rental – Dispute Resolution,Property Rental – Renewal & Review,"real_estate_consultant,property_rental"
65,MetroMate B2B + B2C,Both,Co-working Office Provider,Dedicated Desk,Dedicated Desk – Issue Resolution,Dedicated Desk – Renewal & Review,"co-working_office_provider,dedicated_desk"
66,MetroMate B2B + B2C,Both,Co-working Office Provider,Private Cabin,Private Cabin – Issue Resolution,Private Cabin – Renewal & Review,"co-working_office_provider,private_cabin"
67,MetroMate B2C,B2C,Doctor On Call,General Physician,General Physician – Emergency Follow-up,General Physician – Care Plan Review,"doctor_on_call,general_physician"
68,MetroMate B2C,B2C,Doctor On Call,Home Visit Doctor,Home Visit Doctor – Emergency Follow-up,Home Visit – Care Plan Review,"doctor_on_call,home_visit_doctor"
69,MetroMate B2C,B2C,Nursing Staff,Home Nurse,Home Nurse – Replacement & Support,Home Nurse – Care Plan Review,"nursing_staff,home_nurse"
70,MetroMate B2C,B2C,Nursing Staff,Elderly Care,Elderly Care – Issue Resolution & Support,Elderly Care – Care Plan Review,"nursing_staff,elderly_care"
71,MetroMate B2C,B2C,Pharmacy,Prescription Medicines,Prescription Medicines – Reorder & Correction,Prescription Medicines – Refill Schedule,"pharmacy,prescription_medicines"
72,MetroMate B2C,B2C,Pharmacy,OTC Medicines,OTC Medicines – Reorder & Correction,OTC Medicines – Refill Schedule,"pharmacy,otc_medicines"
73,MetroMate B2B + B2C,Both,Medical Delivery,Medicine Delivery,Medicine Delivery – Re-delivery & Fix,Medicine Delivery – Schedule Optimization,"medical_delivery,medicine_delivery"
74,MetroMate B2B + B2C,Both,Medical Delivery,Lab Sample Pickup,Lab Sample Pickup – Re-pickup & Fix,Lab Pickup – Schedule Optimization,"medical_delivery,lab_sample_pickup"
75,MetroMate B2B + B2C,Both,Home Healthcare,Patient Care,Patient Care – Emergency Support,Patient Care – Care Plan Review,"home_healthcare,patient_care"
76,MetroMate B2B + B2C,Both,Home Healthcare,Physiotherapy,Physiotherapy – Session Correction & Support,Physiotherapy – Progress Review,"home_healthcare,physiotherapy"
77,MetroMate B2B,B2B,Income Tax Consultant,ITR Filing,ITR Filing – Rectification & Resubmission,ITR Filing – Annual Review & Advisory,"income_tax_consultant,itr_filing"
78,MetroMate B2B,B2B,Income Tax Consultant,Tax Planning,Tax Planning – Review & Correction,Tax Planning – Ongoing Advisory,"income_tax_consultant,tax_planning"
79,MetroMate B2B,B2B,GST Registration,New GST Registration,GST Registration – Correction & Resubmission,GST Registration – Ongoing Compliance,"gst_registration,new_gst_registration"
80,MetroMate B2B,B2B,GST Registration,GST Amendment,GST Amendment – Correction & Resubmission,GST Amendment – Ongoing Compliance,"gst_registration,gst_amendment"
81,MetroMate B2B,B2B,GST Filing,Monthly Filing,GST Filing – Rectification & Resubmission,GST Filing – Ongoing Compliance,"gst_filing,monthly_filing"
82,MetroMate B2B,B2B,GST Filing,Annual Return,GST Annual Return – Rectification & Resubmission,GST Annual Return – Ongoing Compliance,"gst_filing,annual_return"
83,MetroMate B2B + B2C,Both,Mutual Fund Advisor,SIP Planning,SIP Planning – Review & Correction,SIP – Portfolio Review & Advisory,"mutual_fund_advisor,sip_planning"
84,MetroMate B2B + B2C,Both,Mutual Fund Advisor,Wealth Planning,Wealth Planning – Review & Correction,Wealth Planning – Ongoing Advisory,"mutual_fund_advisor,wealth_planning"
85,MetroMate B2B + B2C,Both,Stock Portfolio Manager,Portfolio Review,Portfolio Review – Correction & Rebalancing,Portfolio – Periodic Review & Advisory,"stock_portfolio_manager,portfolio_review"
86,MetroMate B2B + B2C,Both,Stock Portfolio Manager,Investment Advisory,Investment Advisory – Review & Correction,Investment – Ongoing Advisory,"stock_portfolio_manager,investment_advisory"
87,MetroMate B2B + B2C,Both,Health Insurance,Individual Policy,Individual Policy – Claim Assistance,Individual Policy – Renewal & Review,"health_insurance,individual_policy"
88,MetroMate B2B + B2C,Both,Health Insurance,Family Floater,Family Floater – Claim Assistance,Family Floater – Renewal & Review,"health_insurance,family_floater"
89,MetroMate B2B + B2C,Both,Life Insurance,Term Plan,Term Plan – Claim Assistance,Term Plan – Renewal & Review,"life_insurance,term_plan"
90,MetroMate B2B + B2C,Both,Life Insurance,Investment Plan,Investment Plan – Review & Correction,Investment Plan – Renewal & Review,"life_insurance,investment_plan"
91,MetroMate B2B + B2C,Both,Gold Jewellery,Gold Chain,Gold Chain – Repair & Polishing,Gold Chain – Cleaning & Maintenance,"gold_jewellery,gold_chain"
92,MetroMate B2B + B2C,Both,Gold Jewellery,Gold Ring,Gold Ring – Repair & Polishing,Gold Ring – Cleaning & Maintenance,"gold_jewellery,gold_ring"
93,MetroMate B2B + B2C,Both,Silver Jewellery,Silver Coin,Silver Coin – Repair & Polishing,Silver Coin – Cleaning & Maintenance,"silver_jewellery,silver_coin"
94,MetroMate B2B + B2C,Both,Silver Jewellery,Silver Articles,Silver Articles – Repair & Polishing,Silver Articles – Cleaning & Maintenance,"silver_jewellery,silver_articles"
95,MetroMate B2B + B2C,Both,Diamond Jewellery,Diamond Ring,Diamond Ring – Repair & Polishing,Diamond Ring – Cleaning & Maintenance,"diamond_jewellery,diamond_ring"
96,MetroMate B2B + B2C,Both,Diamond Jewellery,Diamond Necklace,Diamond Necklace – Repair & Polishing,Diamond Necklace – Cleaning & Maintenance,"diamond_jewellery,diamond_necklace"
97,MetroMate B2B + B2C,Both,Gems & Jewellery,Precious Stones,Precious Stones – Re-setting & Fix,Precious Stones – Cleaning & Maintenance,"gems,jewellery,precious_stones"
98,MetroMate B2B + B2C,Both,Gems & Jewellery,Customized Jewellery,Customized Jewellery – Rework & Fix,Customized Jewellery – Cleaning & Maintenance,"gems,jewellery,customized_jewellery"
99,MetroMate B2B + B2C,Both,Mobile Sales,Smartphone,Smartphone – Repair & Troubleshooting,Smartphone – Maintenance & AMC,"mobile_sales,smartphone"
100,MetroMate B2B + B2C,Both,Mobile Sales,Business Mobile,Business Mobile – Repair & Troubleshooting,Business Mobile – Maintenance & AMC,"mobile_sales,business_mobile"
101,MetroMate B2B + B2C,Both,Mobile Accessories,Charger,Charger – Repair & Replacement Support,Charger – After-Sales Service,"mobile_accessories,charger"
102,MetroMate B2B + B2C,Both,Mobile Accessories,Earbuds,Earbuds – Repair & Replacement Support,Earbuds – After-Sales Service,"mobile_accessories,earbuds"
103,MetroMate B2B + B2C,Both,Grocery Delivery,Monthly Grocery,Monthly Grocery – Reorder & Issue Resolution,Monthly Grocery – Schedule Optimization,"grocery_delivery,monthly_grocery"
104,MetroMate B2B + B2C,Both,Grocery Delivery,Express Delivery,Express Delivery – Re-delivery & Fix,Grocery Delivery – Schedule Optimization,"grocery_delivery,express_delivery"
105,MetroMate B2B + B2C,Both,Newspaper Subscription,Daily Newspaper,Daily Newspaper – Missed Issue Resolution,Daily Newspaper – Subscription Review,"newspaper_subscription,daily_newspaper"
106,MetroMate B2B + B2C,Both,Newspaper Subscription,Business Newspaper,Business Newspaper – Missed Issue Resolution,Business Newspaper – Subscription Review,"newspaper_subscription,business_newspaper"
107,MetroMate B2C,B2C,Ladies Dresses,Ethnic Wear,Ethnic Wear – Return & Exchange Support,Ethnic Wear – Alteration & Upkeep,"ladies_dresses,ethnic_wear"
108,MetroMate B2C,B2C,Ladies Dresses,Western Wear,Western Wear – Return & Exchange Support,Western Wear – Alteration & Upkeep,"ladies_dresses,western_wear"
109,MetroMate B2C,B2C,Saree Seller,Silk Saree,Silk Saree – Return & Exchange Support,Silk Saree – Care & Upkeep,"saree_seller,silk_saree"
110,MetroMate B2C,B2C,Saree Seller,Designer Saree,Designer Saree – Return & Exchange Support,Designer Saree – Care & Upkeep,"saree_seller,designer_saree"
111,MetroMate B2B + B2C,Both,School Stationery,Notebooks,Notebooks – Reorder & Quality Fix,Notebooks – Consumables Restocking,"school_stationery,notebooks"
112,MetroMate B2B + B2C,Both,School Stationery,School Kits,School Kits – Reorder & Quality Fix,School Kits – Consumables Restocking,"school_stationery,school_kits"
113,MetroMate B2B + B2C,Both,Office Stationery,Printer Paper,Printer Paper – Reorder & Quality Fix,Printer Paper – Consumables Restocking,"office_stationery,printer_paper"
114,MetroMate B2B + B2C,Both,Office Stationery,Office Supplies,Office Supplies – Reorder & Quality Fix,Office Supplies – Consumables Restocking,"office_stationery,office_supplies"
115,MetroMate B2B + B2C,Both,Photocopy Services,Xerox,Xerox – Reprint & Quality Fix,Xerox Machine – Maintenance & AMC,"photocopy_services,xerox"
116,MetroMate B2B + B2C,Both,Photocopy Services,Document Printing,Document Printing – Reprint & Quality Fix,Document Printing – Periodic Servicing,"photocopy_services,document_printing"
117,MetroMate B2B + B2C,Both,Cook On Call,Home Cook,Home Cook – Replacement & Quality Resolution,Home Cook – Ongoing Review,"cook_on_call,home_cook"
118,MetroMate B2B + B2C,Both,Cook On Call,Event Cook,Event Cook – Replacement & Quality Resolution,Event Cook – Ongoing Review,"cook_on_call,event_cook"
119,MetroMate B2C,B2C,Tiffin Services,Daily Tiffin,Daily Tiffin – Quality Complaint Resolution,Daily Tiffin – Menu & Schedule Review,"tiffin_services,daily_tiffin"
120,MetroMate B2C,B2C,Tiffin Services,Corporate Tiffin,Corporate Tiffin – Quality Complaint Resolution,Corporate Tiffin – Menu & Schedule Review,"tiffin_services,corporate_tiffin"
121,MetroMate B2B + B2C,Both,Dining Hall Services,Marriage Function,Marriage Function – Issue Resolution & Support,Dining Hall – Booking & Schedule Review,"dining_hall_services,marriage_function"
122,MetroMate B2B + B2C,Both,Dining Hall Services,Corporate Event,Corporate Event – Issue Resolution & Support,Dining Hall – Booking & Schedule Review,"dining_hall_services,corporate_event"
123,MetroMate B2B + B2C,Both,Fresh Fruit Supplier,Seasonal Fruits,Seasonal Fruits – Quality Complaint & Return,Seasonal Fruits – Supply Schedule Review,"fresh_fruit_supplier,seasonal_fruits"
124,MetroMate B2B + B2C,Both,Fresh Fruit Supplier,Bulk Supply,Bulk Fruit Supply – Quality Complaint & Return,Bulk Fruit Supply – Supply Schedule Review,"fresh_fruit_supplier,bulk_supply"
125,MetroMate B2B + B2C,Both,Fresh Vegetable Supplier,Daily Supply,Daily Vegetable Supply – Quality Complaint & Return,Daily Vegetable Supply – Schedule Review,"fresh_vegetable_supplier,daily_supply"
126,MetroMate B2B + B2C,Both,Fresh Vegetable Supplier,Bulk Supply,Bulk Vegetable Supply – Quality Complaint & Return,Bulk Vegetable Supply – Schedule Review,"fresh_vegetable_supplier,bulk_supply"
127,MetroMate B2B,B2B,Residential Security Guard,Society Security,Society Security – Incident Response & Fix,Society Security – Guard Performance Review,"residential_security_guard,society_security"
128,MetroMate B2B,B2B,Residential Security Guard,Gated Community Security,Gated Community Security – Incident Response,Gated Community – Guard Performance Review,"residential_security_guard,gated_community_security"
129,MetroMate B2B,B2B,Corporate Security Guard,Office Security,Office Security – Incident Response & Fix,Office Security – Guard Performance Review,"corporate_security_guard,office_security"
130,MetroMate B2B,B2B,Corporate Security Guard,Factory Security,Factory Security – Incident Response & Fix,Factory Security – Guard Performance Review,"corporate_security_guard,factory_security"
131,MetroMate B2B + B2C,Both,Security Manpower Agency,Guard Deployment,Guard Deployment – Replacement & Support,Guard Deployment – Performance Review,"security_manpower_agency,guard_deployment"
132,MetroMate B2B + B2C,Both,Security Manpower Agency,Bouncer Services,Bouncer Services – Replacement & Support,Bouncer Services – Performance Review,"security_manpower_agency,bouncer_services"
133,MetroMate B2B + B2C,Both,Private Tuition,One-to-One Tuition,One-to-One Tuition – Remedial Sessions,One-to-One Tuition – Progress Review,"private_tuition,one-to-one_tuition"
134,MetroMate B2B + B2C,Both,Private Tuition,Home Tuition,Home Tuition – Remedial Sessions,Home Tuition – Progress Review,"private_tuition,home_tuition"
135,MetroMate B2B + B2C,Both,Group Tuition,School Subjects,School Subjects – Remedial Sessions,School Subjects – Progress Review,"group_tuition,school_subjects"
136,MetroMate B2B + B2C,Both,Group Tuition,Competitive Exams,Competitive Exams – Remedial Sessions,Competitive Exams – Progress Review,"group_tuition,competitive_exams"
137,MetroMate B2B + B2C,Both,Playgroup,Early Learning,Early Learning – Activity Correction & Support,Early Learning – Progress Review,"playgroup,early_learning"
138,MetroMate B2B + B2C,Both,Playgroup,Activity Classes,Activity Classes – Correction & Support,Activity Classes – Progress Review,"playgroup,activity_classes"
139,MetroMate B2B + B2C,Both,Daycare Services,Full Day Care,Full Day Care – Issue Resolution & Support,Full Day Care – Care Plan Review,"daycare_services,full_day_care"
140,MetroMate B2B + B2C,Both,Daycare Services,After School Care,After School Care – Issue Resolution & Support,After School Care – Care Plan Review,"daycare_services,after_school_care"
141,MetroMate B2B,B2B,Digital Marketing,Social Media Marketing,Social Media Marketing – Campaign Fix & Optimization,Social Media – Performance Review,"digital_marketing,social_media_marketing"
142,MetroMate B2B,B2B,Digital Marketing,Performance Marketing,Performance Marketing – Campaign Fix & Optimization,Performance Marketing – Review & Reporting,"digital_marketing,performance_marketing"
143,MetroMate B2B + B2C,Both,SEO,Local SEO,Local SEO – Audit & Fix,Local SEO – Ongoing Optimization,"seo,local_seo"
144,MetroMate B2B + B2C,Both,SEO,Website SEO,Website SEO – Audit & Fix,Website SEO – Ongoing Optimization,"seo,website_seo"
145,MetroMate B2B + B2C,Both,Meta Ads,Facebook Ads,Facebook Ads – Campaign Fix & Optimization,Facebook Ads – Performance Review,"meta_ads,facebook_ads"
146,MetroMate B2B + B2C,Both,Meta Ads,Instagram Ads,Instagram Ads – Campaign Fix & Optimization,Instagram Ads – Performance Review,"meta_ads,instagram_ads"
147,MetroMate B2B + B2C,Both,Lead Generation,B2B Leads,B2B Leads – Quality Review & Replacement,B2B Leads – Ongoing Lead Management,"lead_generation,b2b_leads"
148,MetroMate B2B + B2C,Both,Lead Generation,Qualified Appointments,Qualified Appointments – Rebooking & Fix,Appointments – Ongoing Pipeline Review,"lead_generation,qualified_appointments"
149,MetroMate B2B,B2B,Physical Marketing,Pamphlet Distribution,Pamphlet Distribution – Re-distribution & Fix,Pamphlet Distribution – Schedule Review,"physical_marketing,pamphlet_distribution"
150,MetroMate B2B,B2B,Physical Marketing,Stall Promotion,Stall Promotion – Issue Resolution & Support,Stall Promotion – Performance Review,"physical_marketing,stall_promotion"
151,MetroMate B2B,B2B,Growth Marketing,Customer Acquisition,Customer Acquisition – Campaign Fix & Review,Customer Acquisition – Ongoing Optimization,"growth_marketing,customer_acquisition"
152,MetroMate B2B,B2B,Growth Marketing,Retention Campaigns,Retention Campaigns – Fix & Relaunch,Retention Campaigns – Ongoing Review,"growth_marketing,retention_campaigns"
153,MetroMate B2B,B2B,IT Recruitment,Developers Hiring,Developer Hiring – Replacement & Re-sourcing,Developer Hiring – Ongoing Talent Review,"it_recruitment,developers_hiring"
154,MetroMate B2B,B2B,IT Recruitment,QA Hiring,QA Hiring – Replacement & Re-sourcing,QA Hiring – Ongoing Talent Review,"it_recruitment,qa_hiring"
155,MetroMate B2B,B2B,Non-IT Recruitment,Sales Hiring,Sales Hiring – Replacement & Re-sourcing,Sales Hiring – Ongoing Talent Review,"non-it_recruitment,sales_hiring"
156,MetroMate B2B,B2B,Non-IT Recruitment,Admin Hiring,Admin Hiring – Replacement & Re-sourcing,Admin Hiring – Ongoing Talent Review,"non-it_recruitment,admin_hiring"
157,MetroMate B2B,B2B,Temporary Staffing,Event Staff,Event Staff – Replacement & Support,Event Staff – Performance Review,"temporary_staffing,event_staff"
158,MetroMate B2B,B2B,Temporary Staffing,Contract Staff,Contract Staff – Replacement & Support,Contract Staff – Performance Review,"temporary_staffing,contract_staff"
159,MetroMate B2B,B2B,Permanent Staffing,Full-Time Hiring,Full-Time Hiring – Replacement & Re-sourcing,Full-Time Hiring – Ongoing Talent Review,"permanent_staffing,full-time_hiring"
160,MetroMate B2B,B2B,Permanent Staffing,Executive Search,Executive Search – Re-sourcing & Support,Executive Search – Ongoing Talent Review,"permanent_staffing,executive_search"
161,MetroMate B2B + B2C,Both,Bench Resources,Contract Developers,Contract Developers – Replacement & Support,Contract Developers – Performance Review,"bench_resources,contract_developers"
162,MetroMate B2B + B2C,Both,Bench Resources,Project Consultants,Project Consultants – Replacement & Support,Project Consultants – Performance Review,"bench_resources,project_consultants"
163,MetroMate B2B + B2C,Both,Virtual Assistants,Administrative Support,Admin Support VA – Issue Resolution & Replacement,Admin VA – Performance Review,"virtual_assistants,administrative_support"
164,MetroMate B2B + B2C,Both,Virtual Assistants,Customer Support,Customer Support VA – Issue Resolution & Replacement,Customer Support VA – Performance Review,"virtual_assistants,customer_support"
165,MetroMate B2B + B2C,Both,Flight Ticket Booking,Domestic Flights,Domestic Flights – Rebooking & Issue Resolution,Domestic Flights – Travel Plan Review,"flight_ticket_booking,domestic_flights"
166,MetroMate B2B + B2C,Both,Flight Ticket Booking,International Flights,International Flights – Rebooking & Issue Resolution,International Flights – Travel Plan Review,"flight_ticket_booking,international_flights"
167,MetroMate B2B + B2C,Both,Train Ticket Booking,Confirm Ticket,Train Ticket – Rebooking & Issue Resolution,Train Ticket – Travel Plan Review,"train_ticket_booking,confirm_ticket"
168,MetroMate B2B + B2C,Both,Train Ticket Booking,Tatkal Booking,Tatkal Booking – Rebooking & Issue Resolution,Tatkal Booking – Travel Plan Review,"train_ticket_booking,tatkal_booking"
169,MetroMate B2B + B2C,Both,Bus Ticket Booking,Sleeper Bus,Sleeper Bus – Rebooking & Issue Resolution,Sleeper Bus – Travel Plan Review,"bus_ticket_booking,sleeper_bus"
170,MetroMate B2B + B2C,Both,Bus Ticket Booking,Luxury Coach,Luxury Coach – Rebooking & Issue Resolution,Luxury Coach – Travel Plan Review,"bus_ticket_booking,luxury_coach"
171,MetroMate B2B + B2C,Both,Vehicle Rental,Self Drive Car,Self Drive Car – Issue Resolution & Support,Self Drive Car – Fleet Maintenance Review,"vehicle_rental,self_drive_car"
172,MetroMate B2B + B2C,Both,Vehicle Rental,Chauffeur Driven Car,Chauffeur Driven Car – Issue Resolution & Support,Chauffeur Car – Fleet Maintenance Review,"vehicle_rental,chauffeur_driven_car"
173,MetroMate B2B + B2C,Both,Local Transport,Cab Service,Cab Service – Issue Resolution & Support,Cab Service – Route & Schedule Review,"local_transport,cab_service"
174,MetroMate B2B + B2C,Both,Local Transport,Goods Transport,Goods Transport – Issue Resolution & Support,Goods Transport – Route & Schedule Review,"local_transport,goods_transport"
175,MetroMate B2B + B2C,Both,Travel Planning,Holiday Package,Holiday Package – Rebooking & Issue Resolution,Holiday Package – Travel Plan Review,"travel_planning,holiday_package"
176,MetroMate B2B + B2C,Both,Travel Planning,Corporate Travel,Corporate Travel – Rebooking & Issue Resolution,Corporate Travel – Travel Plan Review,"travel_planning,corporate_travel"
177,MetroMate B2C,B2C,Beautician Services,Home Service,Beautician – Redo & Correction Service,Beautician – Regular Upkeep Plan,"beautician_services,home_service"
178,MetroMate B2C,B2C,Beautician Services,Bridal Makeup,Bridal Makeup – Redo & Correction Service,Bridal Makeup – Trial & Review,"beautician_services,bridal_makeup"
179,MetroMate B2C,B2C,Salon Services,Haircut,Haircut – Redo & Correction Service,Haircut – Regular Upkeep Plan,"salon_services,haircut"
180,MetroMate B2C,B2C,Salon Services,Hair Treatment,Hair Treatment – Redo & Correction Service,Hair Treatment – Maintenance Plan,"salon_services,hair_treatment"
181,MetroMate B2C,B2C,Grooming Services,Men's Grooming,Men's Grooming – Redo & Correction Service,Men's Grooming – Regular Upkeep Plan,"grooming_services,men's_grooming"
182,MetroMate B2C,B2C,Grooming Services,Women's Grooming,Women's Grooming – Redo & Correction Service,Women's Grooming – Regular Upkeep Plan,"grooming_services,women's_grooming"
183,MetroMate B2B + B2C,Both,Hardware Supplier,Construction Hardware,Construction Hardware – Replacement & Quality Fix,Construction Hardware – Inventory Review,"hardware_supplier,construction_hardware"
184,MetroMate B2B + B2C,Both,Hardware Supplier,Industrial Hardware,Industrial Hardware – Replacement & Quality Fix,Industrial Hardware – Inventory Review,"hardware_supplier,industrial_hardware"
185,MetroMate B2B + B2C,Both,Stainless Steel Supplier,SS Sheets,SS Sheets – Replacement & Quality Fix,SS Sheets – Supply & Inventory Review,"stainless_steel_supplier,ss_sheets"
186,MetroMate B2B + B2C,Both,Stainless Steel Supplier,SS Pipes,SS Pipes – Replacement & Quality Fix,SS Pipes – Supply & Inventory Review,"stainless_steel_supplier,ss_pipes"
187,MetroMate B2B + B2C,Both,Restaurant Equipment Supplier,Kitchen Equipment,Kitchen Equipment – Repair & Troubleshooting,Kitchen Equipment – Maintenance & AMC,"restaurant_equipment_supplier,kitchen_equipment"
188,MetroMate B2B + B2C,Both,Restaurant Equipment Supplier,Refrigeration Equipment,Refrigeration Equipment – Repair & Troubleshooting,Refrigeration Equipment – Maintenance & AMC,"restaurant_equipment_supplier,refrigeration_equipment"
189,MetroMate B2B + B2C,Both,Commercial Material Supplier,Packaging Material,Packaging Material – Replacement & Quality Fix,Packaging Material – Supply Review,"commercial_material_supplier,packaging_material"
190,MetroMate B2B + B2C,Both,Commercial Material Supplier,Industrial Supplies,Industrial Supplies – Replacement & Quality Fix,Industrial Supplies – Supply Review,"commercial_material_supplier,industrial_supplies"
191,MetroMate B2B + B2C,Both,Solar Panel Installation,Residential Solar,Residential Solar – Repair & Troubleshooting,Residential Solar – Maintenance & AMC,"solar_panel_installation,residential_solar"
192,MetroMate B2B + B2C,Both,Solar Panel Installation,Commercial Solar,Commercial Solar – Repair & Troubleshooting,Commercial Solar – Maintenance & AMC,"solar_panel_installation,commercial_solar"
193,MetroMate B2B + B2C,Both,Movers & Packers,Home Relocation,Home Relocation – Damage Resolution & Support,Home Relocation – Post-Move Review,"movers,packers,home_relocation"
194,MetroMate B2B + B2C,Both,Movers & Packers,Office Relocation,Office Relocation – Damage Resolution & Support,Office Relocation – Post-Move Review,"movers,packers,office_relocation"
195,MetroMate B2B + B2C,Both,Others,Custom Requirement,Custom Requirement – Issue Resolution & Support,Custom Requirement – Ongoing Review,"others,custom_requirement"
196,MetroMate B2B + B2C,Both,Others,Specialized Service,Specialized Service – Issue Resolution & Support,Specialized Service – Ongoing Review,"others,specialized_service"
197,MetroMate B2B,B2B,AI Automation,Lead Generation Automation,Lead Gen Automation – Bug Fix & Redeployment,Lead Gen Automation – Updates & Optimization,"agentic_ai,lead_generation,automation"
198,MetroMate B2B,B2B,AI Automation,Fulfillment Automation,Fulfillment Automation – Bug Fix & Redeployment,Fulfillment Automation – Updates & Optimization,"agentic_ai,fulfillment_automation,ai_workflows"
199,MetroMate B2B,B2B,AI Automation,Bench Resource Availability,Bench Resource Availability – Re-assignment & Fix,Bench Resources – Ongoing Availability Review,"bench_resources,availability,ai_workflow"
200,MetroMate B2B,B2B,Software Development,Full-Stack Builds,Full-Stack Builds – Bug Fix & Redeployment,Full-Stack Builds – Updates & Optimization,"full_stack,development,ai_builds"
201,MetroMate B2B,B2B,AI Automation,AI Workflows,AI Workflows – Bug Fix & Redeployment,AI Workflows – Updates & Optimization,"ai_workflows,process_automation"
202,MetroMate B2B,B2B,Supply Chain BI,Supply Chain Business Intelligence,Supply Chain BI – Data Fix & Redeployment,Supply Chain BI – Updates & Optimization,"supply_chain,bi,business_intelligence"
203,MetroMate B2B,B2B,AI Automation,Agentic AI Workflow,Agentic AI Workflow – Bug Fix & Redeployment,Agentic AI Workflow – Updates & Optimization,"agentic_ai,workflow_professional,ai_orchestration"
# CREDITS,SNTL 84,,Agentic AI Workflow Professional,Automate What's Costing You Money,MetroMate B2C SERVICES | MetroMate B2B SERVICES | Lead Generation | Fulfillment Automation | Bench Resource Availability | Full-Stack Builds | AI Workflows | Supply Chain Business Intelligence,🚀 Follow for practical AI automation insights & founder systems,🌐 desidevloper.com | 💬 wa.me/919727413309 | 🔗 linkedin.com/in/sntl2784 | 💻 github.com/SNTL84 | 📸 instagram.com/desibiztrade | 🔴 YouTube @SNTL84
